"filename","url","format","width","height","bytes"
"Bridge to Enlightenment","https://res.cloudinary.com/dvwdoezk1/image/upload/v1760967838/home/camo/new/beloveful.com/public/Website%20beloveful.com/Asia/Myanmar/Bridge%20to%20Enlightenment.jpg","jpg","1080","835","379635"
"DSCF0086-2","https://res.cloudinary.com/dvwdoezk1/image/upload/v1760967846/home/camo/new/beloveful.com/public/Website%20beloveful.com/Asia/Myanmar/DSCF0086-2.jpg","jpg","1700","1351","2072694"
"DSCF0098 copy","https://res.cloudinary.com/dvwdoezk1/image/upload/v1760967848/home/camo/new/beloveful.com/public/Website%20beloveful.com/Asia/Myanmar/DSCF0098%20copy.jpg","jpg","1080","720","796924"
"DSCF0214 copy","https://res.cloudinary.com/dvwdoezk1/image/upload/v1760967851/home/camo/new/beloveful.com/public/Website%20beloveful.com/Asia/Myanmar/DSCF0214%20copy.jpg","jpg","720","1080","584518"
"DSCF0467","https://res.cloudinary.com/dvwdoezk1/image/upload/v1760967853/home/camo/new/beloveful.com/public/Website%20beloveful.com/Asia/Myanmar/DSCF0467.jpg","jpg","1440","974","453916"
"DSCF0474","https://res.cloudinary.com/dvwdoezk1/image/upload/v1760967856/home/camo/new/beloveful.com/public/Website%20beloveful.com/Asia/Myanmar/DSCF0474.jpg","jpg","1080","730","577878"
"DSCF0506","https://res.cloudinary.com/dvwdoezk1/image/upload/v1760967859/home/camo/new/beloveful.com/public/Website%20beloveful.com/Asia/Myanmar/DSCF0506.jpg","jpg","1700","1133","1003700"
"DSCF0743","https://res.cloudinary.com/dvwdoezk1/image/upload/v1760967864/home/camo/new/beloveful.com/public/Website%20beloveful.com/Asia/Myanmar/DSCF0743.jpg","jpg","1021","1440","1397188"
"DSCF0817","https://res.cloudinary.com/dvwdoezk1/image/upload/v1760967868/home/camo/new/beloveful.com/public/Website%20beloveful.com/Asia/Myanmar/DSCF0817.jpg","jpg","1440","960","1237435"
"DSCF0839-Website-2","https://res.cloudinary.com/dvwdoezk1/image/upload/v1760967871/home/camo/new/beloveful.com/public/Website%20beloveful.com/Asia/Myanmar/DSCF0839-Website-2.jpg","jpg","1440","960","938076"
"DSCF1006-2","https://res.cloudinary.com/dvwdoezk1/image/upload/v1760967875/home/camo/new/beloveful.com/public/Website%20beloveful.com/Asia/Myanmar/DSCF1006-2.jpg","jpg","1440","960","875137"
"DSCF1056","https://res.cloudinary.com/dvwdoezk1/image/upload/v1760967879/home/camo/new/beloveful.com/public/Website%20beloveful.com/Asia/Myanmar/DSCF1056.jpg","jpg","1080","720","537277"
"DSCF1206","https://res.cloudinary.com/dvwdoezk1/image/upload/v1760967885/home/camo/new/beloveful.com/public/Website%20beloveful.com/Asia/Myanmar/DSCF1206.jpg","jpg","960","1440","1438936"
"DSCF9240","https://res.cloudinary.com/dvwdoezk1/image/upload/v1760967889/home/camo/new/beloveful.com/public/Website%20beloveful.com/Asia/Myanmar/DSCF9240.jpg","jpg","1080","871","956520"
"DSCF9634","https://res.cloudinary.com/dvwdoezk1/image/upload/v1760967894/home/camo/new/beloveful.com/public/Website%20beloveful.com/Asia/Myanmar/DSCF9634.jpg","jpg","1440","960","1273906"
"DSCF9828","https://res.cloudinary.com/dvwdoezk1/image/upload/v1760967897/home/camo/new/beloveful.com/public/Website%20beloveful.com/Asia/Myanmar/DSCF9828.jpg","jpg","1440","960","1001292"
"DSCF9886","https://res.cloudinary.com/dvwdoezk1/image/upload/v1760967902/home/camo/new/beloveful.com/public/Website%20beloveful.com/Asia/Myanmar/DSCF9886.jpg","jpg","1080","720","738971"
"DSCF9932","https://res.cloudinary.com/dvwdoezk1/image/upload/v1760967909/home/camo/new/beloveful.com/public/Website%20beloveful.com/Asia/Myanmar/DSCF9932.jpg","jpg","1440","960","1734572"
"Enlightened","https://res.cloudinary.com/dvwdoezk1/image/upload/v1760967912/home/camo/new/beloveful.com/public/Website%20beloveful.com/Asia/Myanmar/Enlightened.jpg","jpg","864","1080","740487"
"MYA-0098-04-26-17","https://res.cloudinary.com/dvwdoezk1/image/upload/v1760967916/home/camo/new/beloveful.com/public/Website%20beloveful.com/Asia/Myanmar/MYA-0098-04-26-17.jpg","jpg","1440","960","705810"
"MYA-0287-04-28-17","https://res.cloudinary.com/dvwdoezk1/image/upload/v1760967920/home/camo/new/beloveful.com/public/Website%20beloveful.com/Asia/Myanmar/MYA-0287-04-28-17.jpg","jpg","1440","960","630266"
"MYA-04-17-DSCF0068","https://res.cloudinary.com/dvwdoezk1/image/upload/v1760967924/home/camo/new/beloveful.com/public/Website%20beloveful.com/Asia/Myanmar/MYA-04-17-DSCF0068.jpg","jpg","1440","960","655650"
"MYA-0829","https://res.cloudinary.com/dvwdoezk1/image/upload/v1760967926/home/camo/new/beloveful.com/public/Website%20beloveful.com/Asia/Myanmar/MYA-0829.jpg","jpg","1440","1016","764911"
"MYA-0839","https://res.cloudinary.com/dvwdoezk1/image/upload/v1760967928/home/camo/new/beloveful.com/public/Website%20beloveful.com/Asia/Myanmar/MYA-0839.jpg","jpg","1440","960","772114"
"MYA-1292","https://res.cloudinary.com/dvwdoezk1/image/upload/v1760967931/home/camo/new/beloveful.com/public/Website%20beloveful.com/Asia/Myanmar/MYA-1292.jpg","jpg","1440","960","791628"
"MYA-9588","https://res.cloudinary.com/dvwdoezk1/image/upload/v1760967934/home/camo/new/beloveful.com/public/Website%20beloveful.com/Asia/Myanmar/MYA-9588.jpg","jpg","1440","941","660358"
"MYA-9925-04-25-17","https://res.cloudinary.com/dvwdoezk1/image/upload/v1760967936/home/camo/new/beloveful.com/public/Website%20beloveful.com/Asia/Myanmar/MYA-9925-04-25-17.jpg","jpg","1440","960","723856"
"MYA-Breathe-0668","https://res.cloudinary.com/dvwdoezk1/image/upload/v1760967939/home/camo/new/beloveful.com/public/Website%20beloveful.com/Asia/Myanmar/MYA-Breathe-0668.jpg","jpg","1440","960","790091"
"MYA-DSCF0329","https://res.cloudinary.com/dvwdoezk1/image/upload/v1760967941/home/camo/new/beloveful.com/public/Website%20beloveful.com/Asia/Myanmar/MYA-DSCF0329.jpg","jpg","1440","960","405085"
"MYA-DSCF0783","https://res.cloudinary.com/dvwdoezk1/image/upload/v1760967944/home/camo/new/beloveful.com/public/Website%20beloveful.com/Asia/Myanmar/MYA-DSCF0783.jpg","jpg","1440","842","1104356"
"MYA-Morning Catch","https://res.cloudinary.com/dvwdoezk1/image/upload/v1760967946/home/camo/new/beloveful.com/public/Website%20beloveful.com/Asia/Myanmar/MYA-Morning%20Catch.jpg","jpg","1440","810","629725"
"Serendipity","https://res.cloudinary.com/dvwdoezk1/image/upload/v1760967950/home/camo/new/beloveful.com/public/Website%20beloveful.com/Asia/Myanmar/Serendipity.jpg","jpg","720","1080","198676"
"Tony Menias-Fly","https://res.cloudinary.com/dvwdoezk1/image/upload/v1760967954/home/camo/new/beloveful.com/public/Website%20beloveful.com/Asia/Myanmar/Tony%20Menias-Fly.jpg","jpg","1440","976","1208438"